[
  {
    "code": "MNL",
    "name": "Ninoy Aquino International Airport",
    "city": "Manila",
    "country": "Philippines"
  },
  {
    "code": "CEB",
    "name": "Mactan-Cebu International Airport",
    "city": "Cebu",
    "country": "Philippines"
  },
  {
    "code": "DVO",
    "name": "Francisco Bangoy International Airport",
    "city": "Davao",
    "country": "Philippines"
  },
  {
    "code": "ILO",
    "name": "Iloilo International Airport",
    "city": "Iloilo",
    "country": "Philippines"
  },
  {
    "code": "CRK",
    "name": "Clark International Airport",
    "city": "Angeles/Clark",
    "country": "Philippines"
  },
  {
    "code": "KLO",
    "name": "Kalibo International Airport",
    "city": "Kalibo",
    "country": "Philippines"
  },
  {
    "code": "BCD",
    "name": "Bacolod-Silay Airport",
    "city": "Bacolod",
    "country": "Philippines"
  },
  {
    "code": "TAG",
    "name": "Tagbilaran Airport",
    "city": "Tagbilaran",
    "country": "Philippines"
  },
  {
    "code": "PPS",
    "name": "Puerto Princesa Airport",
    "city": "Puerto Princesa",
    "country": "Philippines"
  },
  {
    "code": "GES",
    "name": "General Santos International Airport",
    "city": "General Santos",
    "country": "Philippines"
  },
  {
    "code": "SIN",
    "name": "Singapore Changi Airport",
    "city": "Singapore",
    "country": "Singapore"
  },
  {
    "code": "HKG",
    "name": "Hong Kong International Airport",
    "city": "Hong Kong",
    "country": "Hong Kong"
  },
  {
    "code": "BKK",
    "name": "Suvarnabhumi Airport",
    "city": "Bangkok",
    "country": "Thailand"
  },
  {
    "code": "KUL",
    "name": "Kuala Lumpur International Airport",
    "city": "Kuala Lumpur",
    "country": "Malaysia"
  },
  {
    "code": "ICN",
    "name": "Incheon International Airport",
    "city": "Seoul",
    "country": "South Korea"
  },
  {
    "code": "NRT",
    "name": "Narita International Airport",
    "city": "Tokyo",
    "country": "Japan"
  },
  {
    "code": "HND",
    "name": "Tokyo Haneda Airport",
    "city": "Tokyo",
    "country": "Japan"
  },
  {
    "code": "TPE",
    "name": "Taiwan Taoyuan International Airport",
    "city": "Taipei",
    "country": "Taiwan"
  },
  {
    "code": "CGK",
    "name": "Soekarno-Hatta International Airport",
    "city": "Jakarta",
    "country": "Indonesia"
  },
  {
    "code": "DPS",
    "name": "Ngurah Rai International Airport",
    "city": "Bali",
    "country": "Indonesia"
  },
  {
    "code": "HAN",
    "name": "Noi Bai International Airport",
    "city": "Hanoi",
    "country": "Vietnam"
  },
  {
    "code": "SGN",
    "name": "Tan Son Nhat International Airport",
    "city": "Ho Chi Minh City",
    "country": "Vietnam"
  },
  {
    "code": "DXB",
    "name": "Dubai International Airport",
    "city": "Dubai",
    "country": "United Arab Emirates"
  },
  {
    "code": "DOH",
    "name": "Hamad International Airport",
    "city": "Doha",
    "country": "Qatar"
  },
  {
    "code": "SYD",
    "name": "Sydney Kingsford Smith Airport",
    "city": "Sydney",
    "country": "Australia"
  },
  {
    "code": "MEL",
    "name": "Melbourne Airport",
    "city": "Melbourne",
    "country": "Australia"
  },
  {
    "code": "LAX",
    "name": "Los Angeles International Airport",
    "city": "Los Angeles",
    "country": "United States"
  },
  {
    "code": "SFO",
    "name": "San Francisco International Airport",
    "city": "San Francisco",
    "country": "United States"
  },
  {
    "code": "JFK",
    "name": "John F. Kennedy International Airport",
    "city": "New York",
    "country": "United States"
  },
  {
    "code": "LHR",
    "name": "London Heathrow Airport",
    "city": "London",
    "country": "United Kingdom"
  },
  {
    "code": "CDG",
    "name": "Charles de Gaulle Airport",
    "city": "Paris",
    "country": "France"
  },
  {
    "code": "FRA",
    "name": "Frankfurt Airport",
    "city": "Frankfurt",
    "country": "Germany"
  },
  {
    "code": "AMS",
    "name": "Amsterdam Airport Schiphol",
    "city": "Amsterdam",
    "country": "Netherlands"
  },
  {
    "code": "BCN",
    "name": "Barcelona-El Prat Airport",
    "city": "Barcelona",
    "country": "Spain"
  },
  {
    "code": "MAD",
    "name": "Adolfo Suárez Madrid-Barajas Airport",
    "city": "Madrid",
    "country": "Spain"
  },
  {
    "code": "FCO",
    "name": "Leonardo da Vinci-Fiumicino Airport",
    "city": "Rome",
    "country": "Italy"
  },
  {
    "code": "IST",
    "name": "Istanbul Airport",
    "city": "Istanbul",
    "country": "Turkey"
  },
  {
    "code": "PEK",
    "name": "Beijing Capital International Airport",
    "city": "Beijing",
    "country": "China"
  },
  {
    "code": "PVG",
    "name": "Shanghai Pudong International Airport",
    "city": "Shanghai",
    "country": "China"
  },
  {
    "code": "CAN",
    "name": "Guangzhou Baiyun International Airport",
    "city": "Guangzhou",
    "country": "China"
  }
]
